movieId,title
1,1670
2,Jak sprzedawać dragi w sieci (szybko)
3,Samce Alfa
4,Lucyfer
5,Niebieskoki Samuraj
6,Barbarzyńcy
7,Para Idealna
8,Rojst
9,Polowanie na Czerwony Październik
10,7
11,The Big Bang Theory
12,Braveheart
13,The Expanse
14,Miasteczko South Park
15,Kraina Lodu
16,Dziennik Bridget Jones
17,Kapitan Ameryka: Wojna bohaterów
18,Avengers: Czas Ultrona
19,Terminator 2
20,Planeta Singli
21,List do M.
22,List do M. 2
23,Forrest Gump
24,Ex Machina
25,Gran Torino
26,Cicha Noc
27,Battleship: Bitwa o Ziemię
28,Narodziny Gwiazdy
29,Kapitan Phillips
30,Grand Budapest Hotel
31,Wyjazd integracyjny
32,John Wick
33,Narcos
34,Terminal
35,Ona
36,Whiplash
37,Diabeł ubiera się u Prady
38,La Casa De Papel
39,Peaky Blinders
40,Contratiempo
41,La Cara Oculta
42,Mechaniczna pomarańcza
43,Akira
44,Zabójcza Opona
45,Auta
46,Taksówkarz
47,Potop
48,Ogniem i mieczem
49,Pan Wołodyjowski
50,Fight Club
51,To nie jest kraj dla starych ludzi
52,Łowca androidów
53,Łowca androidów 2045
54,Ghost in the Shell
55,The End Of Evangelion
56,Miś
57,Kung Fury: Pięści czasu
58,Szeregowiec Ryan
59,Johnny English Reborn
60,FANTOMAS
61,Akademia pana Kleksa
62,Pan Kleks w kosmosie
63,Shrek
64,Requiem dla snu
65,Jak zostałem gangsterem. Historia prawdziwa
66,Kingsman: Tajne służby
67,James Bond Skyfall
68,Auta 2
69,rocky 2
70,Barry Seal: Król przemytu
71,scooby doo
72,Druga Furioza
73,1670 sezon 2
74,wujek foliarz
75,Zabójcze wesele
76,nie zadzieraj z fryzjerem
77,Wilk z Wall Street
78,Zielona mila
79,forest gump
80,Sami Swoi
81,Skazani na Shawshank
82,Joker
83,Władca Pierścieni
84,Interstellar
85,Leon Zawodowiec
86,Titanic
87,Breaking Bad
88,Biuro
89,Przyjaciele
90,Matrix
91,Hobbit
92,Mustang
93,Marsjanin
94,Fanatyk
95,Zmierzch
96,Taxi
97,Passengers
98,Igrzyska Śmierci
99,Kill Bill
100,Terminator
101,Avatar
102,Dzień świra
103,Przełęcz ocalonych
104,Parasite
105,Jak rozpętałem drugą wojnę światową
106,Prawo zemsty
107,Życie Pi
108,Sanjuro - Samuraj znikąd
109,Lista Schindlera
110,Django
111,Bękarty Wojny
112,Wróg u bram
113,The Room
114,Ludzka stonoga
115,Zombiebobry
116,Bogowie
117,Tusk
118,Pianista
119,Symetria
120,Gladiator
121,Midsommar
122,Talk to Me
123,LoTR
124,Gliniarz Samuraj
125,Kapitan Philips
126,Cast Away
127,Kill Bill vol1/2
128,Król lew
129,Intersellar
130,Obcy - 8 Pasażer
131,Polowanie na czarownice
132,Ex machina
133,Apocalypto
134,Barbie
135,Oppenheimer
136,Mroczny Rycerz
137,Rambo
138,Hot Shots!
139,Gran Turismo
140,Efekt Motyla
141,Porąbani
142,Za jakie grzechy. dobry Boże
143,[REC] 1
144,[REC] 3
145,Vikings
146,Gra o Tron
147,Szybcy i wściekli: Tokyo Drift
148,Jan Heweliusz
149,Listi do M.
150,Listy do M. 2
151,Helikopter w ogniu
152,Iron Man
153,Iron Man 2
154,Iron Man 3
155,"który stworzył legendę"""
156,60 sekund
157,Taxi (1998)
158,Mad Max
159,Ford v Ferrari
160,Suits
161,Garfield
162,Niebieskooki Samuraj
163,Dziennik Briget Jones
164,Stare grzechy dają długie cienie
165,Oczy Julii
166,Trup
167,Smarzone zielone pomidory
168,2001: Odyseja kosmiczna
169,Blade Runner 2049
170,Nowy początek
171,Sully
172,Makrokosmos
173,Mikrokosmos
174,Legalna blondynka
175,Masz wiadomość
176,Pretty woman
177,Mój chłopak się żeni
178,To właśnie miłość
179,Narzeczony mimo woli
180,Jak stracić chłopaka w 10 ni
181,Panna w tarapatach
182,Planeta singli
183,Nigdy w życiu
184,Lejdis
185,Narzeczony na niby
186,Całe szczęście
187,Miłość do kwadratu
188,Heweliusz
189,Kamerdyner
190,Powstaniec 1863
191,Furioza
192,Pulp fiction
193,Z archiwum X
194,Kill bill
195,Kill bill 2
196,Amelia
197,Leon zawdowiec
198,Park Jurajski
199,Auto 2
200,Auta 3
201,Fight club
202,Przekret
203,Predator
204,Star wars
205,Dr strange
206,Family guy
207,fullmetal alchemist brotherhood
208,Cyberpunk: Edgerunners
209,stowarzyszenie umarlych poetow
210,miedzy pieklem a niebiem
211,Klaus
212,Chlopaki nie placza
213,Big. Bang.
214,Milczenie owiec
215,Nie patrz w górę
